Course Code,Course Title,Description,Requisites,Requirements Fulfilled,Credits
COMP SCI/​L I S  102,Introduction to Computing,"Provides a broad overview of computing at an introductory level, including topics such as security, robotics, and artificial intelligence. Increases understanding of how computers work and how algorithms solve problems. Design and implement creative applications in an introductory coding environment. Provides a broad overview of computing and algorithms without an emphasis on programming.",MATH 096 or placement into MATH 141. MATH 118 does not fulfill the prerequisite. Not open to students with credit for COMP SCI 300 or 320,Gen Ed - Quantitative Reasoning Part A Breadth - Natural Science Level - Elementary L&S Credit - Counts as Liberal Arts and Science credit in L&S,3
COMP SCI 200,Programming I,"Learn the process of incrementally developing small (200-500 lines) programs along with the fundamental Computer Science topics. These topics include: problem abstraction and decomposition, the edit-compile-run cycle, using variables of primitive and more complex data types, conditional and loop-based flow control, basic testing and debugging techniques, how to define and call functions (methods), and IO processing techniques. Also teaches and reinforces good programming practices including the use of a consistent style, and meaningful documentation. Intended for students who have no prior programming experience.",Satisfied Quantitative Reasoning (QR) A requirement or declared in the Capstone Certificate in Computer Sciences for Professionals,Gen Ed - Quantitative Reasoning Part B Breadth - Natural Science Level - Elementary L&S Credit - Counts as Liberal Arts and Science credit in L&S,3
COMP SCI 220,Data Science Programming I,Introduction to Data Science programming using Python.  No previous programming experience required.  Emphasis on analyzing real datasets in a variety of forms and visual communication.,Satisfied Quantitative Reasoning (QR) A requirement or declared in the Professional Capstone Program in Computer Sciences. Not open to students with credit for COMP SCI 301.,Gen Ed - Quantitative Reasoning Part B Breadth - Natural Science Level - Elementary L&S Credit - Counts as Liberal Arts and Science credit in L&S,4
COMP SCI/​MATH  240,Introduction to Discrete Mathematics,"Basic concepts of logic, sets, partial order and other relations, and functions. Basic concepts of mathematics (definitions, proofs, sets, functions, and relations) with a focus on discrete structures: integers, bits, strings, trees, and graphs.  Propositional logic, Boolean algebra, and predicate logic. Mathematical induction and recursion. Invariants and algorithmic correctness. Recurrences and asymptotic growth analysis. Fundamentals of counting.","MATH 217, 221, or 275",Breadth - Natural Science Level - Intermediate L&S Credit - Counts as Liberal Arts and Science credit in L&S,3
COMP SCI/​E C E  252,Introduction to Computer Engineering,"Logic components built with transistors, rudimentary Boolean algebra, basic combinational logic design, basic synchronous sequential logic design, basic computer organization and design, introductory machine- and assembly-language programming.",None,Level - Elementary L&S Credit - Counts as Liberal Arts and Science credit in L&S,3
COMP SCI 270,Fundamentals of Human-Computer Interaction,"User-centered software design including principles and methods for understanding user needs, designing and prototyping interface solutions, and evaluating their usability covered through lectures and hands-on in-class activities.  Meets with COMP SCI 570.",Not open to students with credit for COMP SCI 570,Level - Elementary L&S Credit - Counts as Liberal Arts and Science credit in L&S,3
COMP SCI 298,Directed Study in Computer Science,Undergraduate directed study in computer sciences.,Consent of instructor,Level - Elementary L&S Credit - Counts as Liberal Arts and Science credit in L&S,1-3
COMP SCI 300,Programming II,"Introduction to Object-Oriented Programming using classes and objects to solve more complex problems. Introduces array-based and linked data structures: including lists, stacks, and queues. Programming assignments require writing and developing multi-class (file) programs using interfaces, generics, and exception handling to solve challenging real world problems. Topics reviewed include reading/writing data and objects from/to files and exception handling, and command line arguments. Topics introduced: object-oriented design; class vs. object; create and define interfaces and iterators; searching and sorting; abstract data types (List,Stack,Queue,PriorityQueue(Heap),Binary Search Tree); generic interfaces (parametric polymorphism); how to design and write test methods and classes; array based vs. linked node implementations; introduction to complexity analysis; recursion.","Satisfied QR-A and (COMP SCI 200, 220, 302, 310, 301, or placement into COMP SCI 300) or (E C E/​COMP SCI  252 and E C E 203); graduate/professional standing; declared in Capstone Certificate in COMP SCI. Not open to students with credit for COMP SCI 367.",Gen Ed - Quantitative Reasoning Part B Breadth - Natural Science Level - Intermediate L&S Credit - Counts as Liberal Arts and Science credit in L&S,3
COMP SCI 304,WES-CS Group Meeting,"Small group meetings for Wisconsin Emerging Scholars - Computer Science (WES-CS) students. Meets in small groups to work together on problems related to the COMP SCI 200 course material. For information about WES-CS membership, contact the computer sciences department.",Concurrent enrollment in COMP SCI 200 and member of Wisconsin Emerging Scholars program in Computer Science,Level - Elementary L&S Credit - Counts as Liberal Arts and Science credit in L&S,0-1
COMP SCI 310,Problem Solving Using Computers,"Gives students an introduction to computer and analytical skills to use in their subsequent course work and professional development. Discusses several methods of using computers to solve problems, including elementary programming techniques, symbolic manipulation languages, and software packages. Techniques will be illustrated using sample problems drawn from elementary engineering. Emphasis is on introduction of algorithms with the use of specific tools to illustrate the methods.","MATH 222, graduate/professional standing, or declared in the Capstone Certificate in Computer Sciences for Professionals",Level - Elementary L&S Credit - Counts as Liberal Arts and Science credit in L&S,3
COMP SCI 319,Data Science Programming I for Research,"Introduction to Data Science programming using Python. In addition to a survey of programming basics (control flow and data structures), web scraping, database queries, and tabular analysis will be introduced. Projects will emphasize analyzing real datasets in a variety of forms and visual communication using plotting tools. Similar to COMP SCI 220 but the pedagogical style of the projects will be adapted to graduate students in fields other than computer science and data science. No previous programming experience required.",Graduate/professional standing,,3
COMP SCI 320,Data Science Programming II,"Intermediate approach to Data Science programming using Python. Experience with basic tabular analysis in Python is assumed. Learn to implement data structures (e.g., graphs) to efficiently represent datasets. Software-engineering tools such as version control and Python virtual environments will be introduced, with an emphasis on reproducibility of analysis. Tracing and A/B testing will be introduced as techniques for generating meaningful datasets. Introduces basic classification, clustering, optimization, and simulation techniques. Plotting and visual communication will be emphasized throughout the course.","COMP SCI 220 (or COMP SCI 301 prior to Spring 2020), COMP SCI 300, 319, graduate/professional standing, or declared in the Computer Sciences for Professionals Capstone Certificate",Breadth - Natural Science Level - Intermediate L&S Credit - Counts as Liberal Arts and Science credit in L&S,4
COMP SCI/​E C E  352,Digital System Fundamentals,"Logic components, Boolean algebra, combinational logic analysis and synthesis, synchronous and asynchronous sequential logic analysis and design, digital subsystems, computer organization and design.",Satisfied Quantitative Reasoning (QR) A requirement and E C E/​COMP SCI  252,Gen Ed - Quantitative Reasoning Part B Breadth - Physical Sci. Counts toward the Natural Sci req Level - Intermediate L&S Credit - Counts as Liberal Arts and Science credit in L&S,3
COMP SCI/​E C E  354,Machine Organization and Programming,"An introduction to fundamental structures of computer systems and the C programming language with a focus on the low-level interrelationships and impacts on performance. Topics include the virtual address space and virtual memory, the heap and dynamic memory management, the memory hierarchy and caching, assembly language and the stack, communication and interrupts/signals, compiling and assemblers/linkers.",E C E/​COMP SCI  252 and (COMP SCI 300 or 302) or graduate/professional standing or declared in the Capstone Certificate in Computer Sciences for Professionals,Gen Ed - Quantitative Reasoning Part B Breadth - Natural Science Level - Intermediate L&S Credit - Counts as Liberal Arts and Science credit in L&S,3
COMP SCI 368,Learning a Programming Language,"For students interested in learning a particular programming language. Focuses on a specific language offered at one of three levels: beginner, intermediate, and advanced. Students may repeat the course if the topic title is different.",None,Level - Intermediate L&S Credit - Counts as Liberal Arts and Science credit in L&S,1
COMP SCI 400,Programming III,"The third course in our programming fundamentals sequence. It presumes that students understand and use functional and object-oriented design and abstract data types as needed. This course introduces balanced search trees, graphs, graph traversal algorithms, hash tables and sets, and complexity analysis and about classes of problems that require each data type. Students are required to design and implement using high quality professional code, a medium sized program, that demonstrates knowledge and use of latest language features, tools, and conventions. Additional topics introduced will include as needed for projects: inheritance and polymorphism; anonymous inner classes, lambda functions, performance analysis to discover and optimize critical code blocks. Students learn about industry standards for code development. Students will design and implement a medium size project with a more advanced user-interface design, such as a web or mobile application with a GUI and event- driven implementation; use of version-control software.","COMP SCI 300, graduate/professional standing, or declared in the Capstone Certificate in Computer Sciences for Professionals",Breadth - Natural Science Level - Intermediate L&S Credit - Counts as Liberal Arts and Science credit in L&S,3
COMP SCI 402,Introducing Computer Science to K-12 Students,Work in teams to lead Computer Science clubs and workshops for K-12 students at sites in the Madison area. Design and lead activities to help K-12 students learn computational thinking and computer programming.,"COMP SCI 200, 220, 300, 301, 302, 310, 367, placement into COMP SCI 300, or L I S/​COMP SCI  102 (COMP SCI 202 prior to Fall 2023), graduate/professional standing, or declared in the Capstone Certificate in Computer Sciences for Professionals",Level - Intermediate L&S Credit - Counts as Liberal Arts and Science credit in L&S,2
COMP SCI/​STAT  403,Internship Course in Comp Sci and Data Science,Enables students with outside internships to earn academic credit connected to their work experience related to the Computer Sciences or Data Science programs.,Consent of instructor,Level - Intermediate L&S Credit - Counts as Liberal Arts and Science credit in L&S,1
COMP SCI 407,Foundations of Mobile Systems and Applications,"Design and implementation of applications, systems, and services for mobile platforms with (i) constraints, such as limited processing, memory, energy, interfaces, variable bandwidth, and high mobility, and (ii) features, such as touchscreens, cameras, electronic compasses, GPS, and accelerometers.","(COMP SCI 300 or 367), graduate/professional standing, or declared in the Capstone Certificate in Computer Sciences for Professionals",Level - Intermediate L&S Credit - Counts as Liberal Arts and Science credit in L&S,3
COMP SCI 412,Introduction to Numerical Methods,"Interpolation, solution of linear and nonlinear systems of equations, approximate integration and differentiation, numerical solution of ordinary differential equations, Data fitting (such as least squares) by polynomials and splines. Knowledge of matrix algebra recommended, such as MATH 340.","MATH 222 and (MATH/​COMP SCI  240 or MATH 234) and (COMP SCI 200, 300, 301, 302, 310, or placement into COMP SCI 300) or graduate/professional standing or declared in the Capstone Certificate in Computer Sciences for Professionals",Breadth - Natural Science Level - Intermediate L&S Credit - Counts as Liberal Arts and Science credit in L&S,3
COMP SCI/​I SY E/​MATH  425,Introduction to Combinatorial Optimization,"Focuses on optimization problems over discrete structures, such as shortest paths, spanning trees, flows, matchings, and the traveling salesman problem. We will investigate structural properties of these problems, and we will study both exact methods for their solution, and approximation algorithms.","(MATH 320, 340, 341, or 375) or graduate/professional standing or member of the Pre-Masters Mathematics (Visiting International) Program",Breadth - Physical Sci. Counts toward the Natural Sci req Level - Intermediate L&S Credit - Counts as Liberal Arts and Science credit in L&S,3
COMP SCI/​E C E/​MATH  435,Introduction to Cryptography,Cryptography is the art and science of transmitting digital information in a secure manner. Provides an introduction to its technical aspects.,"(MATH 320, 340, 341, or 375) or graduate/professional standing or member of the Pre-Masters Mathematics (Visiting International) Program",Level - Advanced L&S Credit - Counts as Liberal Arts and Science credit in L&S,3
COMP SCI/​STAT  471,Introduction to Computational Statistics,"Classical statistical procedures arise where closed-form mathematical expressions are available for various inference summaries (e.g. linear regression; analysis of variance). A major emphasis of modern statistics is the development of inference principles in cases where both more complex data structures are involved and where more elaborate computations are required. Topics from numerical linear algebra, optimization, Monte Carlo (including Markov chain Monte Carlo), and graph theory are developed, especially as they relate to statistical inference (e.g., bootstrapping, permutation, Bayesian inference, EM algorithm, multivariate analysis).","STAT/​MATH  310 and (STAT 333 or 340), graduate/professional standing, or declared in Statistics VISP",Breadth - Natural Science Level - Intermediate L&S Credit - Counts as Liberal Arts and Science credit in L&S,3
COMP SCI/​MATH/​STAT  475,Introduction to Combinatorics,"Problems of enumeration, distribution, and arrangement. Inclusion-exclusion principle. Generating functions and linear recurrence relations. Combinatorial identities. Graph coloring problems. Finite designs. Systems of distinct representatives and matching problems in graphs. Potential applications in the social, biological, and physical sciences. Puzzles. Problem solving.","(MATH 320, 340, 341, or 375) or graduate/professional standing or member of the Pre-Masters Mathematics (Visiting International) Program",Breadth - Natural Science Level - Advanced L&S Credit - Counts as Liberal Arts and Science credit in L&S,3
COMP SCI/​CURRIC  502,Theory and Practice in Computer Science Education,Computer science educational pedagogy and general teaching practices. Practical experience gained through tutoring students. Knowledge of object-oriented programming required.,COMP SCI 300 or 302 or declared in Computer Science graduate program,Level - Intermediate L&S Credit - Counts as Liberal Arts and Science credit in L&S,1
COMP SCI/​E C E  506,Software Engineering,"Ideas and techniques for designing, developing, and modifying large software systems. Topics include software engineering processes; requirements and specifications; project team organization and management; software architectures; design patterns; testing and debugging; and cost and quality metrics and estimation. Students will work in large teams on a substantial programming project.","(COMP SCI 367 or 400) and (COMP SCI 407, 536, 537, 545, 559, 564, 570, 679 or E C E/​COMP SCI  552) or graduate/professional standing, or declared in the Capstone Certificate in Computer Sciences for Professionals",Level - Advanced L&S Credit - Counts as Liberal Arts and Science credit in L&S,3
COMP SCI/​MATH  513,Numerical Linear Algebra,"Direct and iterative solution of linear and nonlinear systems and of eigenproblems. LU and symmetric LU factorization. Complexity, stability, and conditioning. Nonlinear systems. Iterative methods for linear systems. QR-factorization and least squares. Eigenproblems: local and global methods.","(MATH 340, 341, or 375) and (COMP SCI 200, 300, 301, 302, 310, or placement into COMP SCI 300) or graduate/professional standing or member of the Pre-Masters Mathematics (Visiting International) program",Breadth - Natural Science Level - Advanced L&S Credit - Counts as Liberal Arts and Science credit in L&S Grad 50% - Counts toward 50% graduate coursework requirement,3
COMP SCI/​MATH  514,Numerical Analysis,"Polynomial forms, divided differences. Polynomial interpolation. Polynomial approximation: uniform approximation and Chebyshev polynomials, least-squares approximation and orthogonal polynomials. Numerical differentiation and integration. Splines, B-splines and spline approximation. Numerical methods for solving initial and boundary value problems for ordinary differential equations.","(MATH 320, 340, 341, or 375), (MATH 322, 376, 421, or 521), and (COMP SCI 200, 220, 300, 310, or 301 prior to Spring 2020, or placement into COMP SCI 300); grad/professional standing; member of the Pre-Masters Mathematics (Visiting International) Program",Breadth - Natural Science Level - Advanced L&S Credit - Counts as Liberal Arts and Science credit in L&S Grad 50% - Counts toward 50% graduate coursework requirement,3
COMP SCI/​DS/​I SY E  518,Wearable Technology,"Gives students hands-on experience in building wearable computing platforms. Designed for students who have a background in textiles and apparel design, computer science, engineering or media arts. By the completion of the course students will have fundamental knowledge of electronic circuitry, programming, and ""maker skills"".",Sophomore standing,Level - Intermediate L&S Credit - Counts as Liberal Arts and Science credit in L&S Grad 50% - Counts toward 50% graduate coursework requirement,3
COMP SCI 520,Introduction to Theory of Computing,"Basics about the notion, capabilities, and limitations of computation: elements of finite automata and regular languages, computability theory, and computational complexity theory. Additional topics include context-free grammars and languages, and complexity-theoretic cryptography.","(MATH/​COMP SCI  240 or STAT/​COMP SCI/​MATH  475) and (COMP SCI 367 or 400), or graduate/professional standing, or declared in the Capstone Certificate in Computer Sciences for Professionals",Breadth - Natural Science Level - Advanced L&S Credit - Counts as Liberal Arts and Science credit in L&S,3
COMP SCI/​E C E/​I SY E  524,Introduction to Optimization,"Introduction to mathematical optimization from a modeling and solution perspective. Formulation of applications as discrete and continuous optimization problems and equilibrium models. Survey and appropriate usage of basic algorithms, data and software tools, including modeling languages and subroutine libraries.","(COMP SCI 200, 220, 300, 301, 302, 310, or placement into COMP SCI 300) and (MATH 320, 340, 341, or 375) or graduate/professional standing",Breadth - Natural Science Level - Intermediate L&S Credit - Counts as Liberal Arts and Science credit in L&S,3
COMP SCI/​I SY E/​MATH/​STAT  525,Linear Optimization,"Introduces optimization problems whose constraints are expressed by linear inequalities. Develops geometric and algebraic insights into the structure of the problem, with an emphasis on formal proofs. Presents the theory behind the simplex method, the main algorithm used to solve linear optimization problems. Explores duality theory and theorems of the alternatives.","MATH 320, 340, 341, 375, or 443 or graduate/professional standing or member of the Pre-Masters Mathematics (Visiting International) Program",Breadth - Natural Science Level - Advanced L&S Credit - Counts as Liberal Arts and Science credit in L&S Grad 50% - Counts toward 50% graduate coursework requirement,3
COMP SCI/​I SY E  526,Advanced Linear Programming,Review of linear programming. Polynomial time methods for linear programming. Quadratic programs and linear complementarity problems and related solution techniques. Solution sets and their continuity properties. Error bounds for linear inequalities and programs. Parallel algorithms for linear and quadratic programs.,"STAT/​COMP SCI/​I SY E/​MATH  525 and (COMP SCI 200, 220, 300, 301, 302, 310, or placement into COMP SCI 300) or graduate/professional standing",Level - Advanced L&S Credit - Counts as Liberal Arts and Science credit in L&S,3
COMP SCI/​E C E/​M E  532,Matrix Methods in Machine Learning,"Linear algebraic foundations of machine learning featuring real-world applications of matrix methods from classification and clustering to denoising and data analysis. Mathematical topics include: linear equations, regression, regularization, the singular value decomposition, and iterative algorithms. Machine learning topics include: the lasso, support vector machines, kernel methods, clustering, dictionary learning, neural networks, and deep learning. Previous exposure to numerical computing (e.g. Matlab, Python, Julia, R) required.","(MATH 234, 320, 340, 341, or 375) and (E C E 203, COMP SCI 200, 220, 300, 301, 302, 310, 320, or placement into COMP SCI 300), graduate/professional standing, or declared in Capstone Certificate in Computer Sciences for Professionals",Breadth - Physical Sci. Counts toward the Natural Sci req Level - Advanced L&S Credit - Counts as Liberal Arts and Science credit in L&S Grad 50% - Counts toward 50% graduate coursework requirement,3
COMP SCI/​E C E  533,Image Processing,"Mathematical representation of continuous and digital images; models of image degradation; picture enhancement, restoration, segmentation, and coding; pattern recognition, tomography.","E C E 330 and (MATH 320 or 340), graduate/professional standing, or member of Engineering Guest Students",Breadth - Physical Sci. Counts toward the Natural Sci req Level - Advanced L&S Credit - Counts as Liberal Arts and Science credit in L&S Grad 50% - Counts toward 50% graduate coursework requirement,3
COMP SCI 534,Computational Photography,"Study of sensing and computational techniques that enhance or extend the capabilities of digital photography by using methods from computer vision and computer graphics to create new visual representations. Algorithms for analyzing, improving, manipulating, combining, and synthesizing images.","(COMP SCI 300 or 367) and (MATH 217, 221 or 275) or graduate/professional standing or declared in the Capstone Certificate in Computer Sciences for Professionals",Breadth - Natural Science Level - Advanced L&S Credit - Counts as Liberal Arts and Science credit in L&S,3
COMP SCI 536,Introduction to Programming Languages and Compilers,Introduction to the theory and practice of compiler design. Comparison of features of several programming languages and their implications for implementation techniques. Several programming projects required.,E C E/​COMP SCI  354 and (COMP SCI 367 or 400) or graduate/professional standing or declared in the Capstone Certificate in Computer Sciences for Professionals,Breadth - Natural Science Level - Advanced L&S Credit - Counts as Liberal Arts and Science credit in L&S,3
COMP SCI 537,Introduction to Operating Systems,"Input-output hardware, interrupt handling, properties of magnetic tapes, discs and drums, associative memories and virtual address translation techniques. Batch processing, time sharing and real-time systems, scheduling resource allocation, modular software systems, performance measurement and system evaluation.",E C E/​COMP SCI  354 and (COMP SCI 367 or 400) or graduate/professional standing or declared in the Capstone Certificate in Computer Sciences for Professionals,Breadth - Natural Science Level - Advanced L&S Credit - Counts as Liberal Arts and Science credit in L&S,4
COMP SCI 538,Introduction to the Theory and Design of Programming Languages,"Design and theory of programming languages: procedural, object-oriented, functional and logic paradigms. Serial and concurrent programming. Execution models and formal specification techniques.",E C E/​COMP SCI  354 and (COMP SCI 367 or 400) or graduate/professional standing or declared in the Capstone Certificate in Computer Sciences for Professionals,Level - Advanced L&S Credit - Counts as Liberal Arts and Science credit in L&S,3
COMP SCI/​E C E/​M E  539,Introduction to Artificial Neural Networks,"Theory and applications of artificial neural networks: multi-layer perceptron, self-organization mapdeep neural network convolutional neural network, recurrent network, support vector machines genetic algorithm, and evolution computing. Applications to control, pattern recognition, prediction, and object detection and tracking.","COMP SCI 200, 220, 300, 301, 302, 310, placement into COMP SCI 300, or graduate/professional standing",Level - Advanced L&S Credit - Counts as Liberal Arts and Science credit in L&S,3
COMP SCI 540,Introduction to Artificial Intelligence,"Principles of knowledge-based search techniques, automatic deduction, knowledge representation using predicate logic, machine learning, probabilistic reasoning. Applications in tasks such as problem solving, data mining, game playing, natural language understanding, computer vision, speech recognition, and robotics.","(COMP SCI 300, 320 or 367) and (MATH 211, 217, 221, or 275) or graduate/professional standing or declared in the Capstone Certificate in Computer Sciences for Professionals",Breadth - Natural Science Level - Advanced L&S Credit - Counts as Liberal Arts and Science credit in L&S,3
COMP SCI 542,Introduction to Software Security,"Teaches the security considerations that occur during all steps of the software development life cycle: methodologies for designing secure software, programming using secure programming techniques, in-depth vulnerability assessment methodologies, static and dynamic analysis tools for evaluating software security, and system defenses reducing security threats.","COMP SCI 400 or 320, graduate/professional standing, or declared in the Capstone Certificate in Computer Sciences for Professionals",Level - Advanced L&S Credit - Counts as Liberal Arts and Science credit in L&S,3
COMP SCI 544,Introduction to Big Data Systems,"Deploy and use distributed systems to store and analyze large datasets.  Unstructured and structured approaches to storage will be covered.  Analysis will involve learning new query languages, processing streaming data, and training machine learning models.  Most programming will be done in Python.","COMP SCI 320, 400, or Graduate/Professional Standing",Breadth - Natural Science Level - Advanced L&S Credit - Counts as Liberal Arts and Science credit in L&S,3
COMP SCI 545,Natural Language and Computing,"The course covers basic techniques and tools in natural language processing: generative grammars, parsing, dictionary construction, semantic networks, generation of text from a knowledge base, natural language interfacing, and machine translation.","COMP SCI 536, 537, or 564 or graduate/professional standing or declared in the Capstone Certificate in Computer Sciences for Professionals",Breadth - Natural Science Level - Advanced L&S Credit - Counts as Liberal Arts and Science credit in L&S Grad 50% - Counts toward 50% graduate coursework requirement,3
COMP SCI/​E C E  552,Introduction to Computer Architecture,"The design of computer systems and components. Processor design, instruction set design, and addressing; control structures and microprogramming; memory management, caches, and memory hierarchies; and interrupts and I/O structures.  E C E 551 or knowledge of Verilog is recommended.",(E C E/​COMP SCI  352 and E C E/​COMP SCI  354) or graduate/professional standing,Breadth - Physical Sci. Counts toward the Natural Sci req Level - Advanced L&S Credit - Counts as Liberal Arts and Science credit in L&S,3
COMP SCI/​I SY E/​M E  558,Introduction to Computational Geometry,"Introduction to fundamental geometric computations and algorithms, and their use for solving engineering and scientific problems. Computer representations of simple geometric objects and paradigms for algorithm design. Applications from areas of engineering analysis, design and manufacturing, biology, statistics, and other sciences.",(COMP SCI 367 or 400) and MATH 234 or graduate/professional standing,Level - Advanced L&S Credit - Counts as Liberal Arts and Science credit in L&S Grad 50% - Counts toward 50% graduate coursework requirement,3
COMP SCI 559,Computer Graphics,"Survey of computer graphics. Image representation, formation, presentation, composition and manipulation. Modeling, transformation, and display of geometric objects in two and three dimensions. Representation of curves and surfaces. Rendering, animation, multi-media and visualization. Fluency with vector mathematics (e.g., from MATH 234 or a linear algebra class) is recommended.",(MATH 222 or MATH 276) and (COMP SCI 367 or 400) or graduate/professional standing or declared in the Capstone Certificate in Computer Sciences for Professionals,Level - Intermediate L&S Credit - Counts as Liberal Arts and Science credit in L&S,3
COMP SCI/​E C E  561,Probability and Information Theory in Machine Learning,"Probabilistic tools for machine learning and analysis of real-world datasets. Introductory topics include classification, regression, probability theory, decision theory and quantifying information with entropy, relative entropy and mutual information. Additional topics include naive Bayes, probabilistic graphical models, discriminant analysis, logistic regression, expectation maximization, source coding and variational inference.","(MATH 320, 340, 341, 375, or M E/​COMP SCI/​E C E  532 or concurrent enrollment) and (E C E 331, STAT/​MATH  309, 431, STAT 311, 324, M E/​STAT  424 or MATH 531) or grad/profsnl standing or declared in Capstone Certificate in Computer Sciences for Professionals",Level - Advanced L&S Credit - Counts as Liberal Arts and Science credit in L&S Grad 50% - Counts toward 50% graduate coursework requirement,3
COMP SCI 564,Database Management Systems: Design and Implementation,"What a database management system is; different data models currently used to structure the logical view of the database: relational, hierarchical, and network. Hands-on experience with relational and network-based database systems. Implementation techniques for database systems. File organization, query processing, concurrency control, rollback and recovery, integrity and consistency, and view implementation.",E C E/​COMP SCI  354 and (COMP SCI 367 or 400) or graduate/professional standing or declared in the Capstone Certificate in Computer Sciences for Professionals,Breadth - Physical Sci. Counts toward the Natural Sci req Level - Intermediate L&S Credit - Counts as Liberal Arts and Science credit in L&S,4
COMP SCI 565,Introduction to Data Visualization,"Introduction to topics such as perception, cognition, communication, design, implementation, applications, tools, and evaluation. Provides a broad survey of the field  and covers fundamental concepts, theory, and tools in data visualization with opportunities for hands-on activities. Gain real-world experience in designing and evaluating visualizations.","COMP SCI 320, 400, or Graduate/Professional Standing",Level - Advanced L&S Credit - Counts as Liberal Arts and Science credit in L&S,3
COMP SCI 566,Introduction to Computer Vision,"Topics include image formation, feature detection, motion estimation, image mosaics, 3D shape reconstruction, and object recognition. Applications of these techniques include building 3D maps, creating virtual characters, organizing photo and video databases, human computer interaction, video surveillance, and automatic vehicle navigation. Broad overview of various computer vision and machine learning techniques and sensing and imaging technologies used in computer vision applications. This is a project-based course.","COMP SCI 400 and (MATH 320, 340, 341 or 375) and (STAT 302, 311, 324, 340, 371, STAT/​MATH  309, 431, MATH 331 or 531) or graduate/professional standing",Level - Advanced L&S Credit - Counts as Liberal Arts and Science credit in L&S,3
COMP SCI/​B M I  567,Medical Image Analysis,"Present introductory medical image processing and analysis techniques. Topics include medical imaging formats, segmentation, registration, image quantification, classification.  Strongly encourage Matlab experience, such as COMP SCI 310 or 368-Matlab.","(MATH 320 or 340) and (STAT 511, 541, POP HLTH/​B M I  551, STAT 324, 371, or STAT/​F&W ECOL/​HORT  571) or graduate/professional standing",Breadth - Biological Sci. Counts toward the Natural Sci req Level - Advanced L&S Credit - Counts as Liberal Arts and Science credit in L&S,3
COMP SCI 570,Introduction to Human-Computer Interaction,"User-centered software design; (1) principles of and methods for understanding user needs, designing and prototyping interface solutions, and evaluating their usability, (2) their applications in designing web-based, mobile,and embodied interfaces through month long group projects.  Meets with Comp Sci 270.","COMP SCI 200, 300, 301, 302, placement into COMP SCI 300, or L I S/​COMP SCI  102 (COMP SCI 202 prior to Fall 2023); grad/professional standing; declared in the Capstone Cert in Comp Sci for Professionals. Not open to students with credit for COMP SCI 270.",Level - Intermediate L&S Credit - Counts as Liberal Arts and Science credit in L&S,4
COMP SCI 571,Building User Interfaces,"Introduces software development of user interfaces (UIs).  Build competence in implementing UIs using state-of-the-art (1) UI paradigms, such as event-driven interfaces, direct-manipulation interfaces, and dialogue-based interaction; (2) methods for capturing, interpreting, and responding to different forms of user input and states, including pointing, text entry, speech, touch, gestures, user activity, context, and physiological states; and (3) platform-specific UI development APIs, frameworks, and toolkits for multiple platforms including web/mobile/desktop interfaces, natural user interfaces, and voice user interfaces. Learn about the fundamental concepts, technologies, algorithms, and methods in building user interfaces, implement UIs using of state-of-the-art UI development tools, and build a UI development portfolio.",COMP SCI 400,Level - Advanced L&S Credit - Counts as Liberal Arts and Science credit in L&S,3
COMP SCI/​B M I  576,Introduction to Bioinformatics,"Algorithms for computational problems in molecular biology. Studies algorithms for problems such as: genome sequencing and mapping, pairwise and multiple sequence alignment, modeling sequence classes and features, phylogenetic tree construction, and gene-expression data analysis.","(COMP SCI 320 or 400) and MATH 222, graduate/professional standing, or declared in the Capstone Certificate in Computer Sciences for Professionals",Level - Advanced L&S Credit - Counts as Liberal Arts and Science credit in L&S,3
COMP SCI 577,Introduction to Algorithms,"Basic paradigms for the design and analysis of efficient algorithms: greed, divide-and-conquer, dynamic programming, reductions, and the use of randomness. Computational intractability including typical NP-complete problems and ways to deal with them.","(MATH/​COMP SCI  240 or STAT/​COMP SCI/​MATH  475) and (COMP SCI 367 or 400), or graduate/professional standing, or declared in the Capstone Certificate in Computer Sciences for Professionals",Breadth - Natural Science Level - Advanced L&S Credit - Counts as Liberal Arts and Science credit in L&S,4
COMP SCI 578,Contest-Level Programming,"Training in computer programming for competitions: assessing the coding difficulty and complexity of computational problems, recognizing the applicability of known algorithms, fast coding and testing, team work. COMP SCI 577 is suggested but not required.","(COMP SCI 300 or 367), graduate/professional standing, or declared in the Capstone Certificate in Computer Sciences for Professionals",Level - Intermediate L&S Credit - Counts as Liberal Arts and Science credit in L&S,1
COMP SCI/​DS  579,Virtual Reality,"Introduces students to the field of virtual reality and focuses on creating immersive, interactive virtual experiences. Survey topics include historical perspectives on virtual reality technology, computer graphics and 3D modeling, human perception and psychology, human computer interaction and user interface design. This course is designed for students with backgrounds in Computer Science, Engineering, Art, Architecture and Design. Students will work in interdisciplinary teams on projects, culminating in a final event that will be showcased to the public. While not an official uisite, the class will be technologically motivated; therefore students should be comfortable learning new software. The class will utilize publicly available game design software which provides tools and services for the creation of interactive content. While not necessary, students may find it helpful to have taken classes in programming and computer graphics (such COMP SCI 559: Computer Graphics) or in 3D modeling (such as ART 429: 3D Digital Studio I or DS 242: Visual Communication II).",Sophomore standing,Level - Intermediate L&S Credit - Counts as Liberal Arts and Science credit in L&S,3
COMP SCI/​L I S  611,User Experience Design 1,"Introduction to the user experience design including key stages of the design process, design ethics, and the methods and tools involved at each stage of design.  Conduct formative research on clients, users, use contexts and tasks. Gain experience with user research methodologies and learn to create intermediate design tools such as personas. Develop and present a design proposal for a chosen project.","Declared in Information MS, Design + Innovation MS , or Capstone Certificate in User Experience Design",Grad 50% - Counts toward 50% graduate coursework requirement,3
COMP SCI/​L I S  612,User Experience Design 2,"Advanced study of UX design. Introduces processes of ideation, key concepts of visual design, conceptual and interaction design, low and high-resolution prototyping of design techniques. Applications include drafting designs based on user models and initial testing of prototypes.","COMP SCI/​L I S  611 and Declared in Information MS, Design + Innovation MS, or Capstone Certificate in User Experience Design",Grad 50% - Counts toward 50% graduate coursework requirement,3
COMP SCI/​L I S  613,User Experience Design 3,"Conduct formal evaluations of the user experience (UX) or usability of a digital system. Gain familiarity with the evaluation and research process including key stages, tasks for each stage, common data collection and analysis methods, and common tools employed in the field. Gain experience with a variety of UX evaluation approaches. Collect pilot data and develop a proposal for further UX testing.","COMP SCI/​L I S  612 and Declared in Information MS, Design + Innovation MS, or Capstone Certificate in User Experience Design",Grad 50% - Counts toward 50% graduate coursework requirement,3
COMP SCI/​L I S  614,User Experience Design Capstone,"Applies a design studio critique approach to produce a learning environment of collaborative and interdisciplinary peer critique and learning, in addition to provide expert feedback and suggestions. Present and defend the latest iteration of the user experience design project developed in earlier courses while learning about the professions associated with digital user experience design.","COMP SCI/​L I S  613 and declared in Design + Innovation MS, or the Capstone Certificate in User Experience Design",Grad 50% - Counts toward 50% graduate coursework requirement,1
COMP SCI/​I SY E  635,Tools and Environments for Optimization,"Formulation and modeling of applications from computer sciences, operations research, business, science and engineering involving optimization and equilibrium models. Survey and appropriate usage of software tools for solving such problems, including modeling language use, automatic differentiation, subroutine libraries and web-based optimization tools and environments.","(MATH 320, 340, 341, or 375) and (COMP SCI 200, 300, 301, 302, placement into COMP SCI 300, or L I S/​COMP SCI  102 (COMP SCI 202 prior to Fall 2023)); grad/professional standing; declared in the Capstone Certificate in Computer Sciences for Professionals",Breadth - Physical Sci. Counts toward the Natural Sci req Level - Intermediate L&S Credit - Counts as Liberal Arts and Science credit in L&S Grad 50% - Counts toward 50% graduate coursework requirement,3
COMP SCI 638,Undergraduate Topics in Computing,Selected topics in computing. Each offering of the course will cover a topic selected by the instructor and may cover one or more topics from all of computer science.,"COMP SCI 200, 300, 301, 302, 310, 367, placement into COMP SCI 300, or L I S/​COMP SCI  102 (COMP SCI 202 prior to Fall 2023), graduate/professional standing, or declared in the Capstone Certificate in Computer Sciences for Professionals",Breadth - Natural Science Level - Advanced L&S Credit - Counts as Liberal Arts and Science credit in L&S,1-4
COMP SCI 639,Undergraduate Elective Topics in Computing,Selected topics in computing. Each offering of the course will cover a topic selected by the instructor. Offerings of this course will provide sufficient depth into their subject to count as electives to meet CS Major requirements.,None,Level - Advanced L&S Credit - Counts as Liberal Arts and Science credit in L&S,3-4
COMP SCI 640,Introduction to Computer Networks,"Architecture of computer networks and network protocols, protocol layering, reliable transmission, congestion control, flow control, naming and addressing, unicast and multicast routing, network security, network performance widely used protocols such as Ethernet, wireless LANs, IP, TCP, and HTTP.",COMP SCI 537 or graduate/professional standing or declared in the Capstone Certificate in Computer Sciences for Professionals,Level - Advanced L&S Credit - Counts as Liberal Arts and Science credit in L&S,3
COMP SCI 642,Introduction to Information Security,"Senior level undergraduate course covering various topics on information security. Covers a wide range of topics, such as cryptographic primitives, security protocols, system security, and emerging topics.  Elementary knowledge of mathematical logic and discrete probability theory needed, such as MATH/​COMP SCI  240.",COMP SCI 537 or graduate/professional standing or declared in the Capstone Certificate in Computer Sciences for Professionals,Level - Advanced L&S Credit - Counts as Liberal Arts and Science credit in L&S,3
COMP SCI 681,Senior Honors Thesis,Individual study for seniors completing theses for honors in the Computer Sciences major as arranged with a faculty member.,Consent of instructor,Level - Advanced L&S Credit - Counts as Liberal Arts and Science credit in L&SHonors - Honors Only Courses (H),3
COMP SCI 682,Senior Honors Thesis,Individual study for seniors completing theses for honors in the Computer Sciences major as arranged with a faculty member. Continuation of COMP SCI 681,Consent of instructor,Level - Advanced L&S Credit - Counts as Liberal Arts and Science credit in L&SHonors - Honors Only Courses (H),3
COMP SCI 691,Senior Thesis,Individual study for seniors completing theses as arranged with a faculty member.,Consent of instructor,Level - Advanced L&S Credit - Counts as Liberal Arts and Science credit in L&S,2-3
COMP SCI 692,Senior Thesis,"Individual study for seniors completing theses as arranged with a faculty member, continuation of COMP SCI 691",Consent of instructor,Level - Advanced L&S Credit - Counts as Liberal Arts and Science credit in L&S,2-3
COMP SCI 698,Directed Study,Directed study projects for juniors and seniors as arranged with a faculty member.,Consent of instructor,Level - Advanced L&S Credit - Counts as Liberal Arts and Science credit in L&S,1-6
COMP SCI 699,Directed Study,Directed study projects for juniors and seniors as arranged with a faculty member.,Consent of instructor,Level - Advanced L&S Credit - Counts as Liberal Arts and Science credit in L&S,1-6
COMP SCI 701,Construction of Compilers,"Principles of the design and implementation of programming languages. Topics include: Principles of compilation, static program analysis, compilation methods to support profiling, and code-generation methods. Knowledge of programming languages and compiler design strongly encouraged, such as COMP SCI 536.",Graduate/professional standing,Grad 50% - Counts toward 50% graduate coursework requirement,3
COMP SCI 702,Graduate Cooperative Education,"A full-time cooperative experience (10 or 5 week option) in computer science in a commercial, government, or nonprofit setting, usually in the form of an internship. The work will be monitored by a graduate advisor from the faculty of the Department of Computer Sciences.  10 week option for 2 credits, 5 week option for 1 credit.",Consent of instructor,Grad 50% - Counts toward 50% graduate coursework requirement,1-2
COMP SCI 703,Program Verification and Synthesis,"Formal methods for program verification. Model-checking techniques; linear temporal logic; computational tree logic; logic/automata connection; bisimulations; probabilistic model-checking. Special topics include: program synthesis, verification and synthesis of privacy properties. Knowledge of programming languages and compiler design strongly encouraged, such as COMP SCI 536.",Graduate/professional standing,Grad 50% - Counts toward 50% graduate coursework requirement,3
COMP SCI 704,Principles of Programming Languages,"Introduction to principles of advanced programming languages and programming-language theory. Topics include: lambda-calculus, functional languages, polymorphic functions, type inference, structural induction, lazy evaluation, operational semantics, denotational semantics, and axiomatic semantics. Students are strongly encouraged to have knowledge of programming languages, such as from COMP SCI 536.",Graduate/professional standing,Grad 50% - Counts toward 50% graduate coursework requirement,3
COMP SCI 706,Analysis of Software Artifacts,"Advanced course covering various analysis techniques used in software engineering. Covers techniques for analyzing various software artifacts. Some of the topics that will be covered are: model checking, testing, program analysis, requirements analysis, and safety analysis. Students are strongly encouraged to have knowledge of programming languages and compiler design, such as COMP SCI 536, and a basic knowledge of mathematical logic.",Graduate/professional standing,Grad 50% - Counts toward 50% graduate coursework requirement,3
COMP SCI/​E C E  707,Mobile and Wireless Networking,"Design and implementation of protocols, systems, and applications for mobile and wireless networking, particularly at the media access control, network, transport, and application layers. Focus is on the unique problems and challenges presented by the properties of wireless transmission, various device constraints such as limited battery power, and node mobility. Knower of computer networking is strongly encouraged, such as from COMP SCI 640 or E C E 537.",Graduate/professional standing,Grad 50% - Counts toward 50% graduate coursework requirement,3
COMP SCI 710,Computational Complexity,"Study of the capabilities and limitations of efficient computation. Relationships between models representing capabilities such as parallelism, randomness, quantum effects, and non-uniformity; and models based on the notions of nondeterminism, alternation, and counting, which capture the complexity of important problems.  Knowledge of the theory of computation is strongly encouraged, such as COMP SCI 520.",Graduate/professional standing,Grad 50% - Counts toward 50% graduate coursework requirement,3
COMP SCI/​MATH  714,Methods of Computational Mathematics I,"Development of finite difference methods for hyperbolic, parabolic and elliptic partial differential equations. Analysis of accuracy and stability of difference schemes. Direct and iterative methods for solving linear systems. Introduction to finite volume methods. Applications from science and engineering. Students are strongly encouraged to have programming skills (e.g. COMP SCI 200) and some undergraduate numerical analysis (e.g. MATH/​COMP SCI  514 or COMP SCI 412), analysis and differential equations (e.g. MATH 322 and MATH 521) and linear algebra (e.g. MATH 341).",Graduate/professional standing or member of the Pre-Masters Mathematics (Visiting International) Program,Grad 50% - Counts toward 50% graduate coursework requirement,3
COMP SCI/​MATH  715,Methods of Computational Mathematics II,"Introduction to spectral methods (Fourier, Chebyshev, Fast Fourier Transform), finite element methods (Galerkin methods, energy estimates and error analysis), and mesh-free methods (Monte-Carlo, smoothed-particle hydrodynamics) for solving partial differential equations. Applications from science and engineering. Applications from science and engineering. Students are strongly encouraged to have programming skills (e.g. COMP SCI 200), undergraduate numerical analysis (e.g. MATH/​COMP SCI  514 or COMP SCI 412), analysis (MATH 322 and math 521) and linear algebra (e.g. MATH 341 or equiv.)",Graduate/professional standing or member of the Pre-Masters Mathematics (Visiting International) Program,Grad 50% - Counts toward 50% graduate coursework requirement,3
COMP SCI/​I SY E  719,Stochastic Programming,"Stochastic programming is concerned with decision making in the presence of uncertainty, where the eventual outcome depends on a future random event. Topics include modeling uncertainty in optimization problems, risk measures, stochastic programming algorithms, approximation and sampling methods, and applications.  Students are strongly encouraged to have knowledge of linear programming (e.g., MATH/​COMP SCI/​I SY E/​STAT  525) and probability and statistics (e.g., MATH/​STAT  431). Knowledge of integer optimization (MATH/​COMP SCI/​I SY E  728) is helpful, but not required.",Graduate/professional standing,Grad 50% - Counts toward 50% graduate coursework requirement,3
COMP SCI/​B M I/​E C E/​MED PHYS  722,Computational Optics and Imaging,"Computational imaging includes all imaging methods that produce images as a result of computation on collected signals. Learn the tools to design new computational imaging methods to solve specific imaging problems. Provides an understanding of the physics of light propagation and measurement, and the computational tools to model it, including wave propagation, ray tracing, the radon transform, and linear algebra using matrix and integral operators and the computational tools to reconstruct an image, including linear inverse problems, neural networks, convex optimization, and filtered back-projection. Covers a variety of example computational imaging techniques and their applications including coded apertures, structured illumination, digital holography, computed tomography, imaging through scattering media, compressed sensing, and non-line-of-sight imaging.",Graduate/professional standing,Grad 50% - Counts toward 50% graduate coursework requirement,3
COMP SCI/​I SY E  723,Dynamic Programming and Associated Topics,"General and special techniques of dynamic programming developed by means of examples. Shortest-path algorithms. Deterministic equipment replacement models. Resource allocation problem. Traveling-salesman problem. Knapsack problem. Analysis of inventory systems. General stochastic formulations. Markovian decision processes.  Students are strongly encouraged to have knowledge of mathematical optimization (e.g., COMP SCI/​I SY E/​MATH/​STAT  525, I SY E 623, COMP SCI/​I SY E/​MATH/​STAT  726), knowledge of analysis (e.g., MATH/​STAT  431 or 521) and programming ability (e.g., COMP SCI 200 or 301)",Graduate/professional standing,Grad 50% - Counts toward 50% graduate coursework requirement,3
COMP SCI/​I SY E/​MATH/​STAT  726,Nonlinear Optimization I,"Theory and algorithms for nonlinear optimization, focusing on unconstrained optimization. Line-search and trust-region methods; quasi-Newton methods; conjugate-gradient and limited-memory methods for large-scale problems; derivative-free optimization; algorithms for least-squares problems and nonlinear equations; gradient projection algorithms for bound-constrained problems; and simple penalty methods for nonlinearly constrained optimization. Students are strongly encouraged to have knowledge of linear algebra and familiarity with basic mathematical analysis.",Graduate/professional standing,Grad 50% - Counts toward 50% graduate coursework requirement,3
COMP SCI/​I SY E  727,Convex Analysis,"Convex sets in finite-dimensional spaces: relative interiors, separation, set operations. Convex functions: conjugacy, subdifferentials and directional derivations, functional operations, Fenchel-Rockafellar duality. Applications to operations research and related areas.  Students taking this course are strongly encouraged to have had a course in basic analysis (e.g. MATH 521) and a course in linear algebra (e.g., MATH 340).",Graduate/professional standing,Grad 50% - Counts toward 50% graduate coursework requirement,3
COMP SCI/​I SY E/​MATH  728,Integer Optimization,"Introduces optimization problems over integers, and surveys the theory behind the algorithms used in state-of-the-art methods for solving such problems. Special attention is given to the polyhedral formulations of these problems, and to their algebraic and geometric properties. Applicability of Integer Optimization is highlighted with applications in combinatorial optimization. Key topics include: formulations, relaxations, polyhedral theory, cutting planes, decomposition, enumeration.  Students are strongly encouraged to have knowledge of Linear Programming  (e.g., MATH/​COMP SCI/​I SY E/​STAT  525), including algorithms, duality and polyhedral theory.",Graduate/professional standing,Grad 50% - Counts toward 50% graduate coursework requirement,3
COMP SCI/​I SY E/​MATH  730,Nonlinear Optimization II,"Theory and algorithms for nonlinearly constrained optimization. Relevant geometric concepts, including tangent and normal cones, theorems of the alternative, and separation results. Constraint qualifications. Geometric and algebraic expression of first-order optimality conditions. Second-order optimality conditions. Duality. Nonlinear  programming algorithms: merit functions and filters; interior-point, augmented Lagrangian, and sequential quadratic programming algorithms.",STAT/​COMP SCI/​I SY E/​MATH  726,Grad 50% - Counts toward 50% graduate coursework requirement,3
COMP SCI 736,Advanced Operating Systems,"Advanced topics in operating systems, including process communication, resource allocation, multiprocess and network operating systems, kernel philosophies, fault-tolerant systems, virtual machines, high-level language systems, verifiability and proof techniques. Comp Sci 537 or cons inst",Graduate/professional standing,Grad 50% - Counts toward 50% graduate coursework requirement,3
COMP SCI 739,Distributed Systems,"Basic concepts; distributed programming; distributed file systems; atomic actions; fault tolerance, transactions, program and data replication, recovery; distributed machine architectures; security and authentication; load balancing and process migration; distributed debugging; distributed performance measurement; distributed simulation techniques; distributed applications; correctness considerations and proof systems.",COMP SCI 736,Grad 50% - Counts toward 50% graduate coursework requirement,3
COMP SCI 740,Advanced Computer Networks,"Advanced topics in computer communications networks: congestion and flow control; routing; rate-based protocols; high speed interfaces and technologies: metropolitan area networks; fast packet switching technologies; advanced applications; network services: name service, authentication, resource location.  Students are strongly encouraged to have knowledge of computer network design and protocols (e.g., COMP SCI 640)",Graduate/professional standing,Grad 50% - Counts toward 50% graduate coursework requirement,3
COMP SCI 744,Big Data Systems,"Issues in the design and implementation of big data processing systems, including: an overview of cluster architecture, key design goals (flexibility, performance and fault tolerance), popular execution frameworks, basic abstractions, and applications (e.g., batch analytics, stream processing, graph processing, and machine learning).",Graduate/professional standing,Grad 50% - Counts toward 50% graduate coursework requirement,3
COMP SCI/​E C E  750,Real-time Computing Systems,"Introduction to the unique issues in the design and analysis of computer systems for real-time applications. Hardware and software support for guaranteeing timeliness with and without failures. Resource management, time-constrained communication, scheduling and imprecise computations, real-time kernels and case studies.  Students are strongly encouraged to have knowledge of computer architecture (e.g., E C E/​COMP SCI  552) and operating system functions (e.g., COMP SCI 537)",Graduate/professional standing,Grad 50% - Counts toward 50% graduate coursework requirement,3
COMP SCI/​E C E  752,Advanced Computer Architecture I,"Processor design, computer arithmetic, pipelining, multi-operation processors, vector processors, control units, precise interrupts, main memory, cache memories, instruction set design, stack machines, busses and I/O, protection and security.  Students are strongly encouraged to have knowledge of computer architecture (e.g., E C E/​COMP SCI  552).",Graduate/professional standing,Grad 50% - Counts toward 50% graduate coursework requirement,3
COMP SCI/​E C E  755,VLSI Systems Design,Overview of MOS devices and circuits; introduction to integrated circuit fabrication; topological design of data flow and control; interactive graphics layout; circuit simulation; system timing; organizational and architectural considerations; alternative implementation approaches; design project. E C E 555 or equivalent experience is strongly recommended.,Graduate/professional standing,Grad 50% - Counts toward 50% graduate coursework requirement,3
COMP SCI/​E C E  756,Computer-Aided Design for VLSI,"Broad introduction to computer-aided design tools for VLSI, emphasizing implementation algorithms and data structures. Topics covered: design styles, layout editors, symbolic compaction, module generators, placement and routing, automatic synthesis, design-rule checking, circuit extraction, simulation and verification.  Students are strongly encourage to have programming skills and to  have taken a course in Digital System Fundamentals such as E C E/​COMP SCI  352.",Graduate/professional standing,Grad 50% - Counts toward 50% graduate coursework requirement,3
COMP SCI/​E C E  757,Advanced Computer Architecture II,"Parallel algorithms, principles of parallelism detection and vectorizing compilers, interconnection networks, MIMD machines, processor synchronization, data coherence, multis, dataflow machines, special purpose processors.  Students are strongly encouraged to have knowledge of computer architecture (e.g., E C E/​COMP SCI  552).",Graduate/professional standing,Grad 50% - Counts toward 50% graduate coursework requirement,3
COMP SCI 758,Advanced Topics in Computer Architecture,"Advanced topics in computer architecture that explore the implications to architecture of forthcoming evolutionary and revolutionary changes in application demands, software paradigms, and hardware implementation technologies.  Students are strongly encouraged to have knowledge of computer architecture (e.g., E C E/​COMP SCI  552).",Graduate/professional standing,Grad 50% - Counts toward 50% graduate coursework requirement,3
COMP SCI/​E C E/​E M A/​E P/​M E  759,High Performance Computing for Applications in Engineering,An overview of hardware and software solutions that enable the use of advanced computing in tackling computationally intensive Engineering problems. Hands-on learning promoted through programming assignments that leverage emerging hardware architectures and use parallel computing programming languages. Students are strongly encourage to have completed COMP SCI 367 or COMP SCI 400 or to have equivalent experience.,Graduate/professional standing,Grad 50% - Counts toward 50% graduate coursework requirement,3
COMP SCI/​E C E  760,Machine Learning,"Computational approaches to learning: including inductive inference, explanation-based learning, analogical learning, connectionism, and formal models. What it means to learn. Algorithms for learning. Comparison and evaluation of learning algorithms. Cognitive modeling and relevant psychological results.",Graduate/professional standing,Grad 50% - Counts toward 50% graduate coursework requirement,3
COMP SCI/​E C E  761,Mathematical Foundations of Machine Learning,"Mathematical foundations of machine learning theory and algorithms. Probabilistic, algebraic, and geometric models and representations of data, mathematical analysis of state-of-the-art learning algorithms and optimization methods, and applications of machine learning. Students should have taken a course in statistics and a course in linear algebra (e.g., STAT 302 and MATH 341).",Graduate/professional standing,Grad 50% - Counts toward 50% graduate coursework requirement,3
COMP SCI 762,Advanced Deep Learning,"Explore methods and applications of deep learning. Covers cutting-edge topics, including neural architecture design, robustness and reliability of deep learning, learning with less supervision, lifelong machine learning, deep generative modeling, theoretical understanding of deep learning, and interpretable deep learning.",E C E/​COMP SCI  760,Grad 50% - Counts toward 50% graduate coursework requirement,3
COMP SCI 763,Security and Privacy for Data Science,"Security and privacy concerns in data science. Three core subjects will be considered: Differential privacy and algorithmic fairness; Adversarial machine learning; and Applied cryptography, especially with applications to machine learning. In addition, a selection of more advanced topics will be covered. Possible examples include additional notions of privacy, language-based security, robust optimization. A firm grasp of probability/statistics (STAT/​MATH  431) is recommended. Previous exposure to at least one of cryptography (COMP SCI/​E C E/​MATH  435), security (COMP SCI 642), and modern machine learning (COMP SCI/​E C E/​M E  539 or 540) is also recommended.",Graduate/professional standing,Grad 50% - Counts toward 50% graduate coursework requirement,3
COMP SCI 764,Topics in Database Management Systems,"Implementation of database management systems, the impact of new technology on database management systems, back-end database computers, distributed database management systems, concurrency control, and query execution in both distributed and centralized systems, implementation of multiple user views, roll-back and recovery mechanisms, database translation. Students are strongly encouraged to have knowledge of database design (e.g., COMP SCI 564).",Graduate/professional standing,Grad 50% - Counts toward 50% graduate coursework requirement,3
COMP SCI 765,Data Visualization,"Principles of the visual presentation of data. Survey of Information Visualization, Scientific Visualization, and Visual Analytics. Design and evaluation of visualizations and interactive exploration tools. Introduction to relevant foundations in visual design, human perception, and data analysis. Encodings, layout and interaction. Approaches to large data sets. Visualization of complex data types such as scalar fields, graphs, sets, texts, and multi-variate data. Use of 2D, 3D and motion in data presentations. Implementation issues.",Graduate/professional standing,Grad 50% - Counts toward 50% graduate coursework requirement,3
COMP SCI/​E C E  766,Computer Vision,"Fundamentals of image analysis and computer vision; image acquisition and geometry; image enhancement; recovery of physical scene characteristics; shape-from techniques; segmentation and perceptual organization; representation and description of two-dimensional objects; shape analysis; texture analysis; goal-directed and model-based systems; parallel algorithms and special-purpose architectures. Students are strongly encouraged to have basic proficiency in calculus and linear algebra, such as MATH 340, and basic programming such as COMP SCI 300.",Graduate/professional standing,Grad 50% - Counts toward 50% graduate coursework requirement,3
COMP SCI/​B M I  767,Computational Methods for Medical Image Analysis,"Study of computational techniques that facilitate automated analysis, manipulation, denoising, and improvement of large-scale and high resolution medical images. Design and implementation of methods from computer Vision and Machine Learning to efficiently process such image data to answer biologically and clinically meaningful scientific questions. Students are strongly encouraged to have programming skills and basic proficiency in calculus and linear algebra, such as MATH 340.",Graduate/professional standing,Grad 50% - Counts toward 50% graduate coursework requirement,3
COMP SCI 769,Advanced Natural Language Processing,"Develop algorithms and mathematical models for natural language processing tasks, including text categorization, information retrieval, speech recognition, machine translation, and information extraction. Focus is on the state-of-the-art computational techniques as they are applied to natural language tasks.  Students are strongly encouraged to have knowledge of introductory artificial intelligence (e.g., COMP SCI 540).",Graduate/professional standing,Grad 50% - Counts toward 50% graduate coursework requirement,3
COMP SCI/​ED PSYCH/​PSYCH  770,Human-Computer Interaction,"Principles of human-computer interaction (HCI); human subjects research methods and procedures, qualitative and quantitative data analysis; and semester-long research project situated in critical domains of HCI, including applications in ubiquitous, affective, assistive, social, and embodied computing.",Graduate/professional standing,Grad 50% - Counts toward 50% graduate coursework requirement,3
COMP SCI/​B M I  771,Learning Based Methods for Computer Vision,"Addresses the problems of representation and reasoning for large amounts of visual data, including images and videos, medical imaging data, and their associated tags or text descriptions. Introduces deep learning in the context of computer vision. Covers topics on visual recognition using deep models, such as image classification, object detection, human pose estimation, action recognition, 3D understanding, and medical image analysis. Emphasizes the design of vision and learning algorithms and models, as well as their practical implementations. Strongly recommended to have knowledge in computer vision or machine learning [such as COMP SCI 540] or medical image analysis [such as B M I / COMP SCI/​B M I  567].",Graduate/professional standing,Grad 50% - Counts toward 50% graduate coursework requirement,3
COMP SCI/​B M I  775,Computational Network Biology,"Introduces networks as a powerful representation in many real-world domains including biology and biomedicine. Encompasses theory and applications of networks, also referred to as graphs, to study complex systems such as living organisms. Surveys the current literature on computational, graph-theoretic approaches that use network algorithms for biological modeling, analysis, interpretation, and discovery. Enables hands-on experience in network biology by implementing computational projects.",Graduate/professional standing,Grad 50% - Counts toward 50% graduate coursework requirement,3
COMP SCI/​B M I  776,Advanced Bioinformatics,"Advanced course covering computational problems in molecular biology. The course will study algorithms for problems such as: modeling sequence classes and features, phylogenetic tree construction, gene-expression data analysis, protein and RNA structure prediction, and whole-genome analysis and comparisons.",Graduate/professional standing,Grad 50% - Counts toward 50% graduate coursework requirement,3
COMP SCI/​E C E  782,Advanced Computer Security and Privacy,"Security and privacy issues in software, networks, and hardware systems. Security vulnerabilities, privacy threats, threats modeling, and mitigation strategies. Privacy issues related to user interaction with devices, online systems, and networks. In addition, a selection of more advanced topics will be covered. Possible examples include applied cryptography in the context of systems, security and privacy policies, user authentication, and cyber-physical systems. Builds on prior experiences with one or more of the following: networking, security, modern machine learning, embedded systems, and mobile computing.",Graduate/professional standing,Grad 50% - Counts toward 50% graduate coursework requirement,3
COMP SCI 784,Foundations of Data Management,"Foundational concepts in databases and data management. The first part of the course discusses topics on query languages (conjunctive queries, Datalog), their expressivity and complexity of evaluation. The second part studies advanced topics in modern data management, including data streams, massive parallelism, provenance, uncertain data management and privacy. There are no specific course prerequisites. It is strongly encouraged that the students are familiar with databases and relational algebra (COMP SCI 564 or equivalent). Knowledge of algorithms, complexity theory and probability will also be helpful.",Graduate/professional standing,Grad 50% - Counts toward 50% graduate coursework requirement,3
COMP SCI 787,Advanced Algorithms,"Advanced paradigms for the design and analysis of efficient algorithms, including the use of randomness, linear programming, and semi-definite programming. Applications to data structures, approximating NP-hard optimization problems, learning, on-line and distributed problems.  Students are strongly encouraged to have introductory knowledge of algorithms (e.g., COMP SCI 577)",Graduate/professional standing,Grad 50% - Counts toward 50% graduate coursework requirement,3
COMP SCI 790,Master's Thesis,Grad st; Master's candidates only,Consent of instructor,Grad 50% - Counts toward 50% graduate coursework requirement,1-9
COMP SCI 799,Master's Research,,Graduate/professional standing,Grad 50% - Counts toward 50% graduate coursework requirement,1-9
COMP SCI 809,Mathematical Techniques in the Analysis of Algorithms,"Techniques for quantitative analysis of algorithms. Charging arguments, amortization, probabilistic methods. Adversary and information lower bounds. Use of methods from combinatorics, complex analysis, and asymptotics in obtaining precise analyses of quicksort, chained hashing, and other algorithms.  Students are strongly encouraged to have knowledge of algorithms (e.g., COMP SCI 577) or applied math analysis (e.g., MATH 321) and theory of probability (e.g., MATH/​STAT  431).",Graduate/professional standing,Grad 50% - Counts toward 50% graduate coursework requirement,3
COMP SCI 812,Arithmetic Algorithms,"Survey of algorithms and design paradigms for exact arithmetic, as used in public-key cryptography, computer algebra, and pseudo-random number generation. Topics include primality testing, factorization of integers and polynomials, discrete logarithms, and (optionally) elliptic curves and integer lattices.  Students are strongly encourage to have knowledge of basic abstract algebra (e.g., MATH 541), and intermediate programming ability (e.g., COMP SCI 367 or COMP SCI 300).",Graduate/professional standing,Grad 50% - Counts toward 50% graduate coursework requirement,3
COMP SCI 838,Topics in Computing,Advanced topics of special interest to students in various areas of Computer Science. Each offering of the course will cover a topic selected by the instructor. Credit varies by offering - check with the department to determine how an offering counts toward degree requirements.,Graduate/professional standing,Grad 50% - Counts toward 50% graduate coursework requirement,1-3
COMP SCI 839,Core Topics in Computing,Topics selected from advanced areas.,Graduate/professional standing,Grad 50% - Counts toward 50% graduate coursework requirement,3
COMP SCI/​B M I/​PSYCH  841,Computational Cognitive Science,"Studies the biological and computational basis of intelligence, by combining methods from cognitive science, artificial intelligence, machine learning, computational biology, and cognitive neuroscience. Requires ability to program.",Graduate/professional standing,Grad 50% - Counts toward 50% graduate coursework requirement,3
COMP SCI/​E C E/​STAT  861,Theoretical Foundations of Machine Learning,"Advanced mathematical theory and methods of machine learning. Statistical learning theory, Vapnik-Chevronenkis Theory, model selection, high-dimensional models, nonparametric methods, probabilistic analysis, optimization, learning paradigms.",E C E/​COMP SCI  761 or E C E 830,Grad 50% - Counts toward 50% graduate coursework requirement,3
COMP SCI 880,Topics in Theoretical Computer Science,"Advanced topics in algorithms, complexity, and cryptography. The exact topic varies.",Graduate/professional standing,Grad 50% - Counts toward 50% graduate coursework requirement,3
COMP SCI 899,Pre-Dissertator Research,Independent research supervised by a faculty member for students who have completed a master's degree but have not reached dissertator status.,Consent of instructor,Grad 50% - Counts toward 50% graduate coursework requirement,1-9
COMP SCI 900,Advanced Seminar in Computer Science,Seminar on recent research on various aspects of computer science.,Consent of instructor,Grad 50% - Counts toward 50% graduate coursework requirement,0-1
COMP SCI/​B M E/​B M I/​BIOCHEM/​CBE/​GENETICS  915,Computation and Informatics in Biology and Medicine,Participants and outside speakers will discuss current research in computation and informatics in biology and medicine. This seminar is required of all CIBM program trainees.,Consent of instructor,Grad 50% - Counts toward 50% graduate coursework requirement,1
COMP SCI 990,Dissertation,Advanced level mentored reading and research for students with dissertator status.,Consent of instructor,Grad 50% - Counts toward 50% graduate coursework requirement,1-6
COMP SCI 999,Dissertator Research,Advanced level mentored reading and research for dissertators.,Consent of instructor,Grad 50% - Counts toward 50% graduate coursework requirement,1-6
